EPIC,RA,Dec,Ch,Col,Row
220429217,12.09574,5.28062,67,778,580
